;full_name;language;package
0;dotnet/corefx;C#;
1;dotnet/roslyn;C#;
2;NancyFx/Nancy;C#;
3;dotnet/coreclr;C#;
4;aspnet/EntityFrameworkCore;C#;
5;mono/mono;C#;
6;aspnet/AspNetCore;C#;
7;kubernetes/kubernetes;Go;testing
8;kubernetes/kubernetes;Go;gomega
9;kubernetes/kubernetes;Go;ginkgo
10;kubernetes/kubernetes;Go;assert
11;kubernetes/kubernetes;Go;convey
12;kubernetes/kubernetes;Go;check
13;kubernetes/kubernetes;Go;spew
15;influxdata/influxdb;Go;testing
16;influxdata/influxdb;Go;gomega
17;influxdata/influxdb;Go;ginkgo
18;influxdata/influxdb;Go;assert
19;influxdata/influxdb;Go;e2e
20;influxdata/influxdb;Go;go-testing-interface
21;influxdata/influxdb;Go;convey
22;influxdata/influxdb;Go;check
23;influxdata/influxdb;Go;gocheck
24;influxdata/influxdb;Go;spew
26;hashicorp/terraform;Go;testing
27;hashicorp/terraform;Go;gomega
28;hashicorp/terraform;Go;ginkgo
29;hashicorp/terraform;Go;assert
30;hashicorp/terraform;Go;e2e
31;hashicorp/terraform;Go;go-check
32;hashicorp/terraform;Go;go-testing-interface
33;hashicorp/terraform;Go;convey
34;hashicorp/terraform;Go;check
35;hashicorp/terraform;Go;spew
37;etcd-io/etcd;Go;gomega
38;etcd-io/etcd;Go;ginkgo
39;etcd-io/etcd;Go;check
40;etcd-io/etcd;Go;spew
42;hashicorp/packer;Go;testing
43;hashicorp/packer;Go;gomega
44;hashicorp/packer;Go;ginkgo
45;hashicorp/packer;Go;assert
46;hashicorp/packer;Go;e2e
47;hashicorp/packer;Go;go-check
48;hashicorp/packer;Go;go-testing-interface
49;hashicorp/packer;Go;convey
50;hashicorp/packer;Go;check
51;hashicorp/packer;Go;spew
53;mattermost/mattermost-server;Go;testing
54;mattermost/mattermost-server;Go;gomega
55;mattermost/mattermost-server;Go;ginkgo
56;mattermost/mattermost-server;Go;assert
57;mattermost/mattermost-server;Go;e2e
58;mattermost/mattermost-server;Go;go-testing-interface
59;mattermost/mattermost-server;Go;convey
60;mattermost/mattermost-server;Go;check
61;mattermost/mattermost-server;Go;spew
63;ipfs/go-ipfs;Go;testing
64;ipfs/go-ipfs;Go;gomega
65;ipfs/go-ipfs;Go;ginkgo
66;ipfs/go-ipfs;Go;assert
67;ipfs/go-ipfs;Go;go-check
68;ipfs/go-ipfs;Go;testutil
69;ipfs/go-ipfs;Go;convey
70;ipfs/go-ipfs;Go;check
71;ipfs/go-ipfs;Go;suite
72;ipfs/go-ipfs;Go;spew
74;hashicorp/vault;Go;testing
75;hashicorp/vault;Go;gomega
76;hashicorp/vault;Go;ginkgo
77;hashicorp/vault;Go;assert
78;hashicorp/vault;Go;go-testing-interface
79;hashicorp/vault;Go;convey
80;hashicorp/vault;Go;check
81;hashicorp/vault;Go;spew
83;hashicorp/consul;Go;testing
84;hashicorp/consul;Go;gomega
85;hashicorp/consul;Go;ginkgo
86;hashicorp/consul;Go;assert
87;hashicorp/consul;Go;go-check
88;hashicorp/consul;Go;go-testing-interface
89;hashicorp/consul;Go;convey
90;hashicorp/consul;Go;check
91;hashicorp/consul;Go;spew
93;pingcap/tidb;Go;gomega
94;pingcap/tidb;Go;ginkgo
95;pingcap/tidb;Go;e2e
96;pingcap/tidb;Go;check
97;pingcap/tidb;Go;spew
99;go-gitea/gitea;Go;gomega
100;go-gitea/gitea;Go;ginkgo
101;go-gitea/gitea;Go;assert
102;go-gitea/gitea;Go;convey
103;go-gitea/gitea;Go;check
104;go-gitea/gitea;Go;spew
106;git-lfs/git-lfs;Go;spew
108;istio/istio;Go;testing
109;istio/istio;Go;gomega
110;istio/istio;Go;ginkgo
111;istio/istio;Go;assert
112;istio/istio;Go;go-testing-interface
113;istio/istio;Go;convey
114;istio/istio;Go;check
115;istio/istio;Go;spew
117;prometheus/prometheus;Go;testing
118;prometheus/prometheus;Go;gomega
119;prometheus/prometheus;Go;ginkgo
120;prometheus/prometheus;Go;assert
121;prometheus/prometheus;Go;go-testing-interface
122;prometheus/prometheus;Go;convey
123;prometheus/prometheus;Go;check
124;prometheus/prometheus;Go;spew
126;minio/minio;Go;testing
127;minio/minio;Go;gomega
128;minio/minio;Go;ginkgo
129;minio/minio;Go;assert
130;minio/minio;Go;e2e
131;minio/minio;Go;go-testing-interface
132;minio/minio;Go;convey
133;minio/minio;Go;check
134;minio/minio;Go;spew
136;syncthing/syncthing;Go;gomega
137;syncthing/syncthing;Go;ginkgo
138;syncthing/syncthing;Go;check
139;syncthing/syncthing;Go;spew
141;neo4j/neo4j;Java;
142;jenkinsci/jenkins;Java;junit
143;jenkinsci/jenkins;Java;mockito-core
145;deeplearning4j/deeplearning4j;Java;junit
146;deeplearning4j/deeplearning4j;Java;scalatest
148;apache/hadoop;Java;
149;spring-projects/spring-boot;Java;
150;apache/flink;Java;junit
151;apache/flink;Java;mockito-core
152;apache/flink;Java;scalatest
153;apache/flink;Java;hamcrest-all
155;apache/incubator-shardingsphere;Java;junit
156;apache/incubator-shardingsphere;Java;mockito-core
158;prestodb/presto;Java;
159;stanfordnlp/CoreNLP;Java;junit
161;libgdx/libgdx;Java;
162;dbeaver/dbeaver;Java;junit
163;dbeaver/dbeaver;Java;mockito-all
165;eugenp/tutorials;Java;junit
166;eugenp/tutorials;Java;mockito-core
167;eugenp/tutorials;Java;hamcrest-all
169;naver/pinpoint;Java;junit
170;naver/pinpoint;Java;mockito-core
171;naver/pinpoint;Java;spring-test
173;apache/storm;Java;junit
174;apache/storm;Java;mockito-core
176;netty/netty;Java;junit
177;netty/netty;Java;mockito-core
179;apache/incubator-druid;Java;junit
180;apache/incubator-druid;Java;hamcrest-all
182;eclipse/che;Java;junit
184;dianping/cat;Java;junit
186;antlr/antlr4;Java;
187;b3log/symphony;Java;
188;alibaba/druid;Java;junit
189;alibaba/druid;Java;spring-test
191;atom/atom;JavaScript;chai
192;atom/atom;JavaScript;ava
193;atom/atom;JavaScript;mocha
195;Automattic/wp-calypso;JavaScript;chai
196;Automattic/wp-calypso;JavaScript;enzyme
197;Automattic/wp-calypso;JavaScript;enzyme-adapter-react-16
198;Automattic/wp-calypso;JavaScript;jest
199;Automattic/wp-calypso;JavaScript;supertest
201;mrdoob/three.js;JavaScript;ava
203;elastic/kibana;JavaScript;chai
204;elastic/kibana;JavaScript;enzyme
205;elastic/kibana;JavaScript;enzyme-adapter-react-16
206;elastic/kibana;JavaScript;karma
207;elastic/kibana;JavaScript;selenium-webdriver
208;elastic/kibana;JavaScript;jest
209;elastic/kibana;JavaScript;supertest
210;elastic/kibana;JavaScript;enzyme-adapter-utils
211;elastic/kibana;JavaScript;jest-cli
212;elastic/kibana;JavaScript;mocha
213;elastic/kibana;JavaScript;selenium
215;freeCodeCamp/freeCodeCamp;JavaScript;jest
217;ccxt/ccxt;JavaScript;chai
218;ccxt/ccxt;JavaScript;nyc
219;ccxt/ccxt;JavaScript;ava
220;ccxt/ccxt;JavaScript;mocha
221;ccxt/ccxt;JavaScript;Gemini
223;twbs/bootstrap;JavaScript;karma
225;HabitRPG/habitica;JavaScript;
226;emberjs/ember.js;JavaScript;ava
227;emberjs/ember.js;JavaScript;mocha
229;plotly/plotly.js;JavaScript;karma
230;plotly/plotly.js;JavaScript;nyc
231;plotly/plotly.js;JavaScript;ava
232;plotly/plotly.js;JavaScript;jsdom
234;jhipster/generator-jhipster;JavaScript;chai
235;jhipster/generator-jhipster;JavaScript;ava
236;jhipster/generator-jhipster;JavaScript;mocha
238;adobe/brackets;JavaScript;
239;storybooks/storybook;JavaScript;enzyme
240;storybooks/storybook;JavaScript;enzyme-adapter-react-16
241;storybooks/storybook;JavaScript;jest
242;storybooks/storybook;JavaScript;ts-jest
243;storybooks/storybook;JavaScript;jest-cli
244;storybooks/storybook;JavaScript;react-testing-library
245;storybooks/storybook;JavaScript;jsdom
247;RocketChat/Rocket.Chat;JavaScript;chai
248;RocketChat/Rocket.Chat;JavaScript;supertest
249;RocketChat/Rocket.Chat;JavaScript;nyc
250;RocketChat/Rocket.Chat;JavaScript;mocha
252;facebook/react-native;JavaScript;jest
254;facebookarchive/nuclide;JavaScript;jest
255;facebookarchive/nuclide;JavaScript;nyc
256;facebookarchive/nuclide;JavaScript;jest-cli
258;highcharts/highcharts;JavaScript;karma
259;highcharts/highcharts;JavaScript;ava
261;jupyterlab/jupyterlab;JavaScript;mocha
263;jquery/jquery-mobile;JavaScript;chai
265;ptmt/react-native-macos;JavaScript;jest
266;ptmt/react-native-macos;JavaScript;jest-cli
268;withspectrum/spectrum;JavaScript;
269;reactioncommerce/reaction;JavaScript;chai
270;reactioncommerce/reaction;JavaScript;enzyme
271;reactioncommerce/reaction;JavaScript;enzyme-adapter-react-16
272;reactioncommerce/reaction;JavaScript;jest
273;reactioncommerce/reaction;JavaScript;ava
274;reactioncommerce/reaction;JavaScript;mocha
276;ampproject/amphtml;JavaScript;chai
277;ampproject/amphtml;JavaScript;karma
278;ampproject/amphtml;JavaScript;selenium-webdriver
279;ampproject/amphtml;JavaScript;jest
280;ampproject/amphtml;JavaScript;jest-cli
281;ampproject/amphtml;JavaScript;ava
282;ampproject/amphtml;JavaScript;jsdom
283;ampproject/amphtml;JavaScript;mocha
284;ampproject/amphtml;JavaScript;selenium
286;photonstorm/phaser;JavaScript;ava
288;babel/babel;JavaScript;jest
290;mozilla/pdf.js;JavaScript;
291;jupyter/notebook;JavaScript;
292;facebook/react;JavaScript;jest
294;Automattic/mongoose;JavaScript;nyc
295;Automattic/mongoose;JavaScript;mocha
297;serverless/serverless;JavaScript;chai
298;serverless/serverless;JavaScript;jest
299;serverless/serverless;JavaScript;nyc
300;serverless/serverless;JavaScript;jest-cli
301;serverless/serverless;JavaScript;mocha
303;brave/browser-laptop;JavaScript;chai
304;brave/browser-laptop;JavaScript;enzyme
305;brave/browser-laptop;JavaScript;nyc
306;brave/browser-laptop;JavaScript;jsdom
307;brave/browser-laptop;JavaScript;mocha
309;OnsenUI/OnsenUI;JavaScript;chai
310;OnsenUI/OnsenUI;JavaScript;karma
311;OnsenUI/OnsenUI;JavaScript;protractor
312;OnsenUI/OnsenUI;JavaScript;mocha
314;TryGhost/Ghost;JavaScript;supertest
315;TryGhost/Ghost;JavaScript;mocha
317;mui-org/material-ui;JavaScript;chai
318;mui-org/material-ui;JavaScript;enzyme
319;mui-org/material-ui;JavaScript;enzyme-adapter-react-16
320;mui-org/material-ui;JavaScript;karma
321;mui-org/material-ui;JavaScript;nyc
322;mui-org/material-ui;JavaScript;jsdom
323;mui-org/material-ui;JavaScript;mocha
325;angular/angular.js;JavaScript;karma
326;angular/angular.js;JavaScript;selenium-webdriver
327;angular/angular.js;JavaScript;protractor
328;angular/angular.js;JavaScript;selenium
330;keystonejs/keystone;JavaScript;enzyme
331;keystonejs/keystone;JavaScript;supertest
332;keystonejs/keystone;JavaScript;mocha
334;huluoyang/freecodecamp.cn;JavaScript;
335;gatsbyjs/gatsby;JavaScript;jest
336;gatsbyjs/gatsby;JavaScript;jest-cli
337;gatsbyjs/gatsby;JavaScript;jsdom
339;sequelize/sequelize;JavaScript;chai
340;sequelize/sequelize;JavaScript;nyc
341;sequelize/sequelize;JavaScript;mocha
343;lodash/lodash;JavaScript;mocha
345;webpack/webpack;JavaScript;jest
346;webpack/webpack;JavaScript;jest-cli
348;ajaxorg/ace;JavaScript;
349;strapi/strapi;JavaScript;enzyme
350;strapi/strapi;JavaScript;enzyme-adapter-react-16
351;strapi/strapi;JavaScript;jest
352;strapi/strapi;JavaScript;jest-cli
353;strapi/strapi;JavaScript;cypress
355;paperjs/paper.js;JavaScript;jsdom
357;jquery/jquery-ui;JavaScript;ava
359;balderdashy/sails;JavaScript;supertest
360;balderdashy/sails;JavaScript;mocha
362;eslint/eslint;JavaScript;chai
363;eslint/eslint;JavaScript;karma
364;eslint/eslint;JavaScript;nyc
365;eslint/eslint;JavaScript;ava
366;eslint/eslint;JavaScript;mocha
368;vuetifyjs/vuetify;JavaScript;jest
369;vuetifyjs/vuetify;JavaScript;ts-jest
370;vuetifyjs/vuetify;JavaScript;jest-cli
372;appium/appium;JavaScript;chai
373;appium/appium;JavaScript;ava
374;appium/appium;JavaScript;mocha
375;appium/appium;JavaScript;selenium
377;Leaflet/Leaflet;JavaScript;karma
378;Leaflet/Leaflet;JavaScript;ava
379;Leaflet/Leaflet;JavaScript;mocha
381;Semantic-Org/Semantic-UI;JavaScript;
382;handsontable/handsontable;JavaScript;jest
383;handsontable/handsontable;JavaScript;jest-cli
384;handsontable/handsontable;JavaScript;ava
386;codemirror/CodeMirror;JavaScript;ava
388;processing/p5.js;JavaScript;chai
389;processing/p5.js;JavaScript;karma
390;processing/p5.js;JavaScript;mocha
392;botpress/botpress;JavaScript;jest
393;botpress/botpress;JavaScript;ts-jest
395;jquery/jquery;JavaScript;karma
396;jquery/jquery;JavaScript;ava
397;jquery/jquery;JavaScript;jsdom
399;VulcanJS/Vulcan;JavaScript;enzyme
400;VulcanJS/Vulcan;JavaScript;enzyme-adapter-react-16
401;VulcanJS/Vulcan;JavaScript;selenium-webdriver
402;VulcanJS/Vulcan;JavaScript;jsdom
403;VulcanJS/Vulcan;JavaScript;mocha
404;VulcanJS/Vulcan;JavaScript;selenium
406;nylas/nylas-mail;JavaScript;
407;FormidableLabs/victory;JavaScript;chai
408;FormidableLabs/victory;JavaScript;enzyme
409;FormidableLabs/victory;JavaScript;enzyme-adapter-react-16
410;FormidableLabs/victory;JavaScript;karma
411;FormidableLabs/victory;JavaScript;mocha
413;infernojs/inferno;JavaScript;jest
414;infernojs/inferno;JavaScript;jsdom
416;transloadit/uppy;JavaScript;chai
417;transloadit/uppy;JavaScript;enzyme
418;transloadit/uppy;JavaScript;enzyme-adapter-react-16
419;transloadit/uppy;JavaScript;jest
420;transloadit/uppy;JavaScript;ava
421;transloadit/uppy;JavaScript;mocha
423;ractivejs/ractive;JavaScript;karma
424;ractivejs/ractive;JavaScript;mocha
426;expressjs/express;JavaScript;supertest
427;expressjs/express;JavaScript;mocha
429;YMFE/yapi;JavaScript;ava
431;trufflesuite/truffle;JavaScript;nyc
433;hapijs/hapi;JavaScript;
434;nasa/openmct;JavaScript;karma
436;highlightjs/highlight.js;JavaScript;jsdom
437;highlightjs/highlight.js;JavaScript;mocha
439;aframevr/aframe;JavaScript;chai
440;aframevr/aframe;JavaScript;karma
441;aframevr/aframe;JavaScript;jsdom
442;aframevr/aframe;JavaScript;mocha
444;apache/incubator-echarts;JavaScript;
445;quilljs/quill;JavaScript;karma
447;material-components/material-components-web;JavaScript;chai
448;material-components/material-components-web;JavaScript;karma
449;material-components/material-components-web;JavaScript;selenium-webdriver
450;material-components/material-components-web;JavaScript;jsdom
451;material-components/material-components-web;JavaScript;mocha
452;material-components/material-components-web;JavaScript;selenium
454;vega/vega;JavaScript;jsdom
455;vega/vega;JavaScript;tape
457;magento/magento2;PHP;
458;nextcloud/server;PHP;
459;symfony/symfony;PHP;phpunit
461;owncloud/core;PHP;phpunit
463;cakephp/cakephp;PHP;phpunit
465;woocommerce/woocommerce;PHP;phpunit
467;matomo-org/matomo;PHP;phpunit
469;laravel/framework;PHP;phpunit
470;laravel/framework;PHP;mockery
472;yiisoft/yii2;PHP;phpunit
474;Sylius/Sylius;PHP;phpunit
475;Sylius/Sylius;PHP;behat
476;Sylius/Sylius;PHP;phpspec
478;doctrine/orm;PHP;phpunit
480;sebastianbergmann/phpunit;PHP;phpunit
481;sebastianbergmann/phpunit;PHP;php-code-coverage
482;sebastianbergmann/phpunit;PHP;phpspec
484;phalcon/cphalcon;PHP;codeception
486;bcit-ci/CodeIgniter;PHP;phpunit
488;composer/composer;PHP;phpunit
490;CachetHQ/Cachet;PHP;phpunit
491;CachetHQ/Cachet;PHP;mockery
493;laravel/laravel;PHP;phpunit
494;laravel/laravel;PHP;mockery
496;squizlabs/PHP_CodeSniffer;PHP;phpunit
498;FriendsOfPHP/PHP-CS-Fixer;PHP;phpunit
500;ansible/ansible;Python;
501;bokeh/bokeh;Python;
502;samuelclay/NewsBlur;Python;
503;rtfd/readthedocs.org;Python;
504;explosion/spaCy;Python;pytest
505;explosion/spaCy;Python;mock
507;python-pillow/Pillow;Python;pytest
509;mitmproxy/mitmproxy;Python;
510;encode/django-rest-framework;Python;tox
512;boto/boto;Python;mock
513;boto/boto;Python;nose
515;pyinstaller/pyinstaller;Python;
516;aws/aws-cli;Python;tox
517;aws/aws-cli;Python;mock
518;aws/aws-cli;Python;nose
520;numenta/nupic;Python;unittest
521;numenta/nupic;Python;pytest
522;numenta/nupic;Python;mock
524;getredash/redash;Python;
525;mailpile/Mailpile;Python;
526;networkx/networkx;Python;
527;docker/compose;Python;
528;gitlabhq/gitlabhq;Ruby;rspec
530;rails/rails;Ruby;
531;rapid7/metasploit-framework;Ruby;rspec
533;discourse/discourse;Ruby;rspec
535;puppetlabs/puppet;Ruby;rspec
537;chef/chef;Ruby;rspec
539;diaspora/diaspora;Ruby;rspec
540;diaspora/diaspora;Ruby;Cucumber
542;spree/spree;Ruby;
543;fastlane/fastlane;Ruby;
544;hashicorp/vagrant;Ruby;
545;jekyll/jekyll;Ruby;rspec
547;CocoaPods/CocoaPods;Ruby;
548;rubocop-hq/rubocop;Ruby;rspec
550;cucumber/cucumber-ruby;Ruby;
551;tootsuite/mastodon;Ruby;rspec
553;activeadmin/activeadmin;Ruby;rspec
555;github/linguist;Ruby;
556;DefinitelyTyped/DefinitelyTyped;TypeScript;
557;Microsoft/vscode;TypeScript;jsdom
558;Microsoft/vscode;TypeScript;mocha
560;Microsoft/TypeScript;TypeScript;chai
561;Microsoft/TypeScript;TypeScript;ava
562;Microsoft/TypeScript;TypeScript;mocha
564;grafana/grafana;TypeScript;enzyme
565;grafana/grafana;TypeScript;enzyme-adapter-react-16
566;grafana/grafana;TypeScript;jest
567;grafana/grafana;TypeScript;ts-jest
568;grafana/grafana;TypeScript;nyc
569;grafana/grafana;TypeScript;mocha
571;desktop/desktop;TypeScript;
572;BabylonJS/Babylon.js;TypeScript;chai
573;BabylonJS/Babylon.js;TypeScript;karma
574;BabylonJS/Babylon.js;TypeScript;ava
575;BabylonJS/Babylon.js;TypeScript;mocha
577;ant-design/ant-design;TypeScript;enzyme
578;ant-design/ant-design;TypeScript;enzyme-adapter-react-16
579;ant-design/ant-design;TypeScript;jest
580;ant-design/ant-design;TypeScript;jsdom
582;angular/angular;TypeScript;chai
583;angular/angular;TypeScript;karma
584;angular/angular;TypeScript;selenium-webdriver
585;angular/angular;TypeScript;protractor
586;angular/angular;TypeScript;selenium
588;tinymce/tinymce;TypeScript;
589;ionic-team/ionic;TypeScript;
590;Foundry376/Mailspring;TypeScript;chai
591;Foundry376/Mailspring;TypeScript;enzyme
592;Foundry376/Mailspring;TypeScript;enzyme-adapter-react-16
594;primefaces/primeng;TypeScript;karma
595;primefaces/primeng;TypeScript;protractor
597;apollographql/apollo-client;TypeScript;jest
598;apollographql/apollo-client;TypeScript;ts-jest
600;angular/material2;TypeScript;karma
601;angular/material2;TypeScript;selenium-webdriver
602;angular/material2;TypeScript;protractor
603;angular/material2;TypeScript;selenium
605;NativeScript/NativeScript;TypeScript;chai
606;NativeScript/NativeScript;TypeScript;mocha
